<?xml version="1.0"?>
<!--<!DOCTYPE metadata SYSTEM "http://www.esri.com/metadata/esriprof80.dtd">-->
<metadata xml:lang="en"><Esri><MetaID>{C3B4AB86-0EDF-4EAC-8621-A49EC10EC0E5}</MetaID><CreaDate>20150526</CreaDate><CreaTime>13434700</CreaTime><SyncOnce>TRUE</SyncOnce><DataProperties><lineage><Process ToolSource="C:\Program Files (x86)\ArcGIS\ArcToolbox\Toolboxes\Data Management Tools.tbx\RepairGeometry" Date="20150526" Time="134347">RepairGeometry DD_26May2015\20150526_WorldHeritageSite DELETE_NULL DD_26May2015\20150526_WorldHeritageSite</Process></lineage></DataProperties></Esri></metadata>
