<?xml version="1.0"?>
<!--<!DOCTYPE metadata SYSTEM "http://www.esri.com/metadata/esriprof80.dtd">-->
<metadata xml:lang="en"><Esri><MetaID>{B874D28F-2EC9-46BB-AB06-F2E95D10E754}</MetaID><CreaDate>20150526</CreaDate><CreaTime>13345400</CreaTime><SyncOnce>TRUE</SyncOnce><DataProperties><lineage><Process ToolSource="C:\Program Files (x86)\ArcGIS\ArcToolbox\Toolboxes\Data Management Tools.tbx\RepairGeometry" Date="20150526" Time="133454">RepairGeometry DD_26May2015\20150526_ProtectedWreck DELETE_NULL DD_26May2015\20150526_ProtectedWreck</Process><Process ToolSource="C:\Program Files (x86)\ArcGIS\ArcToolbox\Toolboxes\Data Management Tools.tbx\RepairGeometry" Date="20150526" Time="134009">RepairGeometry DD_26May2015\20150526_ProtectedWreck DELETE_NULL DD_26May2015\20150526_ProtectedWreck</Process><Process ToolSource="C:\Program Files (x86)\ArcGIS\ArcToolbox\Toolboxes\Data Management Tools.tbx\RepairGeometry" Date="20150526" Time="134222">RepairGeometry DD_26May2015\20150526_ProtectedWreck DELETE_NULL DD_26May2015\20150526_ProtectedWreck</Process></lineage></DataProperties></Esri></metadata>
