<?xml version="1.0"?>
<!--<!DOCTYPE metadata SYSTEM "http://www.esri.com/metadata/esriprof80.dtd">-->
<metadata xml:lang="en"><Esri><MetaID>{91B2B863-3AB8-4725-9E98-F5B6A99669C1}</MetaID><CreaDate>20150526</CreaDate><CreaTime>12433100</CreaTime><SyncOnce>TRUE</SyncOnce><DataProperties><lineage><Process ToolSource="C:\Program Files (x86)\ArcGIS\ArcToolbox\Toolboxes\Data Management Tools.tbx\DeleteRows" Date="20150526" Time="124331">DeleteRows DD_26May2015\20150526_BuildingPreservationNoticePoints DD_26May2015\20150526_BuildingPreservationNoticePoints</Process><Process ToolSource="C:\Program Files (x86)\ArcGIS\ArcToolbox\Toolboxes\Data Management Tools.tbx\RepairGeometry" Date="20150526" Time="124358">RepairGeometry DD_26May2015\20150526_BuildingPreservationNoticePoints DELETE_NULL DD_26May2015\20150526_BuildingPreservationNoticePoints</Process></lineage></DataProperties></Esri></metadata>
